ssn	fecal_sampleID	cecal_sampleID	fecal_samplename	cecal_samplename	n_fecal_files	n_cecal_files	fecal_source_file	cecal_source_file	fecal_fastq	cecal_fastq	fecal_sample	cecal_sample	fecal_bacterial_archaeal_bases	cecal_bacterial_archaeal_bases	fecal_metagenome_size	cecal_metagenome_size	fecal_read_fraction	cecal_read_fraction	fecal_average_bacterial_archaeal_genome_size	cecal_average_bacterial_archaeal_genome_size	fecal_domain_relative_abundance	cecal_domain_relative_abundance	fecal_phylum_relative_abundance	cecal_phylum_relative_abundance	fecal_class_relative_abundance	cecal_class_relative_abundance	fecal_order_relative_abundance	cecal_order_relative_abundance	fecal_family_relative_abundance	cecal_family_relative_abundance	fecal_genus_relative_abundance	cecal_genus_relative_abundance	fecal_species_relative_abundance	cecal_species_relative_abundance	fecal_warning	cecal_warning	delta_read_fraction_fecal_minus_cecal
MAD002	MAD002F	MAD002C	A6	B1	1	1	A6_CKDL240021935-1A_22MK2FLT3_L2.microbial.fraction.tsv	B1_CKDL240021935-1A_22MK2FLT3_L2.microbial.fraction.tsv	A6_clean.fq.gz	B1_clean.fq.gz	A6_CKDL240021935-1A_22MK2FLT3_L2_1	B1_CKDL240021935-1A_22MK2FLT3_L2_1	13377978073	17577823240	13656043500	18436152300	97.9600	95.3400	3851651	3651761	0.3600	0.1400	0.0100	0.0700	0.1300	0.3200	0.3700	0.3700	1.4700	1.4000	5.1700	2.7300	92.5000	94.9800			2.6200
MAD005	MAD005F	MAD005C	B4	MAD005C	1	1	B4_CKDL240021935-1A_22MK2FLT3_L2.microbial.fraction.tsv	MAD005C_CKDL250010768-1A_22TG33LT4_L2.microbial.fraction.tsv	B4_clean.fq.gz	MAD005C_clean.fq.gz	B4_CKDL240021935-1A_22MK2FLT3_L2_1	MAD005C_CKDL250010768-1A_22TG33LT4_L2_1	10472721060	12007387575	10418285400	12579596100	100.0000	95.4500	3561254	3929569	0.4000	0.2400	0.1200	0.2200	0.8400	0.1200	0.6900	0.3800	1.9500	1.8300	2.4300	1.6400	93.5700	95.5700			4.5500
MAD007	MAD007F	MAD007C	A1	A11	1	1	A1_CKDL240021935-1A_22MK2FLT3_L2.microbial.fraction.tsv	A11_CKDL240021935-1A_22MK2FLT3_L2.microbial.fraction.tsv	A1_clean.fq.gz	A11_clean.fq.gz	A1_CKDL240021935-1A_22MK2FLT3_L2_1	A11_CKDL240021935-1A_22MK2FLT3_L2_1	16630227005	16293081466	18154862700	16090272600	91.6000	100.0000	3875263	4085599	0.0600	0.4800	0.1800	0.1800	0.4000	0.4500	0.6500	0.7300	1.4800	1.0400	6.1300	5.1200	91.1000	91.9900			-8.4000
MAD010	MAD010F	MAD010C	B10	A9	1	1	B10_CKDL240021935-1A_22MK2FLT3_L2.microbial.fraction.tsv	A9_CKDL240021935-1A_22MK2FLT3_L2.microbial.fraction.tsv	B10_clean.fq.gz	A9_clean.fq.gz	B10_CKDL240021935-1A_22MK2FLT3_L2_1	A9_CKDL240021935-1A_22MK2FLT3_L2_1	13672816277	16952114710	14551878000	17355568800	93.9600	97.6800	3453124	4190985	0.7000	0.0800	0.0700	0.1900	0.3900	0.0700	0.4200	0.2900	2.1400	0.9600	3.7000	1.5300	92.5800	96.8700			-3.7200
MAD011	MAD011F	MAD011C	A8	A10	1	1	A8_CKDL240021935-1A_22MK2FLT3_L2.microbial.fraction.tsv	A10_CKDL240021935-1A_22MK2FLT3_L2.microbial.fraction.tsv	A8_clean.fq.gz	A10_clean.fq.gz	A8_CKDL240021935-1A_22MK2FLT3_L2_1	A10_CKDL240021935-1A_22MK2FLT3_L2_1	14754503056	13389097262	16071317400	14291619900	91.8100	93.6800	3761591	3925052	0.3000	0.2800	0.0400	0.0400	0.3000	0.4300	0.4200	0.3200	1.6100	1.0000	2.8700	1.6800	94.4700	96.2500			-1.8700
MAD012	MAD012F	MAD012C	MAD012F	MAD012C	1	1	MAD012F_CKDL250010768-1A_22TG33LT4_L2.microbial.fraction.tsv	MAD012C_CKDL250010768-1A_22TG33LT4_L2.microbial.fraction.tsv	MAD012F_clean.fq.gz	MAD012C_clean.fq.gz	MAD012F_CKDL250010768-1A_22TG33LT4_L2_1	MAD012C_CKDL250010768-1A_22TG33LT4_L2_1	7833844126	9735668195	8104460700	10590591900	96.6600	91.9300	2877075	3452891	0.8500	1.0500	0.3300	0.1100	0.1700	0.4800	0.5000	0.7900	3.6500	1.9300	7.2600	3.8300	87.2400	91.8000			4.7300
MAD013	MAD013F	MAD013C	MAD013F	MAD013C	1	1	MAD013F_CKDL250010768-1A_22TG33LT4_L2.microbial.fraction.tsv	MAD013C_CKDL250010768-1A_22TG33LT4_L2.microbial.fraction.tsv	MAD013F_clean.fq.gz	MAD013C_clean.fq.gz	MAD013F_CKDL250010768-1A_22TG33LT4_L2_1	MAD013C_CKDL250010768-1A_22TG33LT4_L2_1	14352844428	22137871905	14069275200	21719657400	100.0000	100.0000	3748428	3969374	0.4000	0.0200	0.1500	0.0500	0.1500	0.5500	0.4700	0.2200	1.4300	0.4000	2.0100	1.1500	95.3900	97.6000			0.0000
MAD020	MAD020F	MAD020C	B2	A12	1	1	B2_CKDL240021935-1A_22MK2FLT3_L2.microbial.fraction.tsv	A12_CKDL240021935-1A_22MK2FLT3_L2.microbial.fraction.tsv	B2_clean.fq.gz	A12_clean.fq.gz	B2_CKDL240021935-1A_22MK2FLT3_L2_1	A12_CKDL240021935-1A_22MK2FLT3_L2_1	15846021395	17377545029	17334065700	18658749300	91.4200	93.1300	3207223	3404558	0.0900	0.5700	0.2000	0.0700	0.2200	0.2700	0.2000	0.2400	1.3900	1.1100	4.3900	3.9400	93.5000	93.8000			-1.7100
MAD024	MAD024F	MAD024C	B5	MAD024C	1	2	B5_CKDL240021935-1A_22MK2FLT3_L2.microbial.fraction.tsv	MAD024C_CKDL250010768-1A_22TG33LT4_L2.microbial.fraction.tsv	B5_clean.fq.gz	MAD024C_clean.fq.gz	B5_CKDL240021935-1A_22MK2FLT3_L2_1	MAD024C_CKDL250010768-1A_22TG33LT4_L2_1	14695025910	7356291860	14873668200	7245971400	98.8000	100.0000	3427659	3449512	0.3700	0.3100	0.0300	0.1400	0.2300	0.2500	0.2400	0.4500	1.2100	1.6600	2.4000	6.6500	95.5100	90.5400			-1.2000
MAD025	MAD025F	MAD025C	MAD025F	MAD025C	1	1	MAD025F_CKDL250010768-1A_22TG33LT4_L2.microbial.fraction.tsv	MAD025C_CKDL250010768-1A_22TG33LT4_L2.microbial.fraction.tsv	MAD025F_clean.fq.gz	MAD025C_clean.fq.gz	MAD025F_CKDL250010768-1A_22TG33LT4_L2_1	MAD025C_CKDL250010768-1A_22TG33LT4_L2_1	22532442015	15020193507	22427358300	17850274500	100.0000	84.1500	3293673	3134948	0.1900	0.4900	0.2700	0.1600	0.3000	0.0900	0.6000	0.1300	1.2000	0.8000	3.9800	4.3500	93.4700	93.9800			15.8500
MAD026	MAD026F	MAD026C	MAD026F	MAD026C	1	1	MAD026F_CKDL250010768-1A_22TG33LT4_L2.microbial.fraction.tsv	MAD026C_CKDL250010768-1A_22TG33LT4_L2.microbial.fraction.tsv	MAD026F_clean.fq.gz	MAD026C_clean.fq.gz	MAD026F_CKDL250010768-1A_22TG33LT4_L2_1	MAD026C_CKDL250010768-1A_22TG33LT4_L2_1	16019612681	20548750356	13302761100	18764270100	100.0000	100.0000	3673751	3300076	0.2000	0.2500	0.2200	0.8400	0.6000	0.3600	0.2600	0.2200	1.5700	1.4900	1.5900	1.9900	95.5700	94.8600			0.0000
MAD038	MAD038F	MAD038C	MAD038F	MAD038C	1	1	MAD038F_CKDL250010768-1A_22TG33LT4_L2.microbial.fraction.tsv	MAD038C_CKDL250010768-1A_22TG33LT4_L2.microbial.fraction.tsv	MAD038F_clean.fq.gz	MAD038C_clean.fq.gz	MAD038F_CKDL250010768-1A_22TG33LT4_L2_1	MAD038C_CKDL250010768-1A_22TG33LT4_L2_1	14854438629	835305544	15659383500	1158095400	94.8600	72.1300	3771876	3644599	0.2100	1.2000	0.0700	0.1900	0.3100	1.2200	0.4900	1.6000	1.6200	7.6400	2.1400	4.6800	95.1600	83.4800			22.7300
MAD048	MAD048F	MAD048C	MAD048F	MAD048C	1	1	MAD048F_CKDL250010768-1A_22TG33LT4_L2.microbial.fraction.tsv	MAD048C_CKDL250010768-1A_22TG33LT4_L2.microbial.fraction.tsv	MAD048F_clean.fq.gz	MAD048C_clean.fq.gz	MAD048F_CKDL250010768-1A_22TG33LT4_L2_1	MAD048C_CKDL250010768-1A_22TG33LT4_L2_1	19101957702	26241532101	18642511200	24146101200	100.0000	100.0000	3911018	3665991	0.1200	0.6700	0.1700	0.1100	0.4000	0.2800	0.4000	0.3300	1.1600	1.0600	2.6400	2.2900	95.1200	95.2500			0.0000
MAD049	MAD049F	MAD049C	MAD049F	MAD049C	1	1	MAD049F_CKDL250010768-1A_22TG33LT4_L2.microbial.fraction.tsv	MAD049C_CKDL250010768-1A_22TG33LT4_L2.microbial.fraction.tsv	MAD049F_clean.fq.gz	MAD049C_clean.fq.gz	MAD049F_CKDL250010768-1A_22TG33LT4_L2_1	MAD049C_CKDL250010768-1A_22TG33LT4_L2_1	21986887657	19520565222	21494826900	18799016400	100.0000	100.0000	3246404	3322440	0.1500	0.1900	0.1900	0.3500	0.3300	0.1300	0.2600	0.2400	0.8300	0.6400	1.1600	3.3800	97.0800	95.0700			0.0000
MAD050	MAD050F	MAD050C	MAD050F	MAD050C	1	1	MAD050F_CKDL250010768-1A_22TG33LT4_L2.microbial.fraction.tsv	MAD050C_CKDL250010768-1A_22TG33LT4_L2.microbial.fraction.tsv	MAD050F_clean.fq.gz	MAD050C_clean.fq.gz	MAD050F_CKDL250010768-1A_22TG33LT4_L2_1	MAD050C_CKDL250010768-1A_22TG33LT4_L2_1	17994890223	14597050524	16792944300	17142124500	100.0000	85.1500	3364355	4209530	0.7200	0.1100	0.1800	0.1000	0.1700	0.1800	0.3500	0.3300	1.6100	1.4500	1.3000	2.0500	95.6800	95.7900			14.8500
MAD051	MAD051F	MAD051C	MAD051F	MAD051C	1	1	MAD051F_CKDL250010768-1A_22TG33LT4_L2.microbial.fraction.tsv	MAD051C_CKDL250010768-1A_22TG33LT4_L2.microbial.fraction.tsv	MAD051F_clean.fq.gz	MAD051C_clean.fq.gz	MAD051F_CKDL250010768-1A_22TG33LT4_L2_1	MAD051C_CKDL250010768-1A_22TG33LT4_L2_1	21563032818	15503395064	21450222300	15539826300	100.0000	99.7700	3393567	3861272	0.5800	0.4800	0.1400	0.1800	0.2300	0.2500	0.2300	0.2600	0.6500	1.3000	2.0200	2.6400	96.1500	94.8900			0.2300
MAD052	MAD052F	MAD052C	MAD052F	MAD052C	1	1	MAD052F_CKDL250010768-1A_22TG33LT4_L2.microbial.fraction.tsv	MAD052C_CKDL250010768-1A_22TG33LT4_L2.microbial.fraction.tsv	MAD052F_clean.fq.gz	MAD052C_clean.fq.gz	MAD052F_CKDL250010768-1A_22TG33LT4_L2_1	MAD052C_CKDL250010768-1A_22TG33LT4_L2_1	11270843813	34348562338	11687968500	34256016300	96.4300	100.0000	3532637	3658134	0.5000	0.3500	0.0800	0.0800	0.4600	0.1400	0.4400	0.2200	2.0600	1.2800	5.4000	2.8200	91.0600	95.1200			-3.5700
MAD053	MAD053F	MAD053C	MAD053F	MAD053C	1	1	MAD053F_CKDL250010768-1A_22TG33LT4_L2.microbial.fraction.tsv	MAD053C_CKDL250010768-1A_22TG33LT4_L2.microbial.fraction.tsv	MAD053F_clean.fq.gz	MAD053C_clean.fq.gz	MAD053F_CKDL250010768-1A_22TG33LT4_L2_1	MAD053C_CKDL250010768-1A_22TG33LT4_L2_1	12688920155	13083534083	13163948400	14625559200	96.3900	89.4600	2784221	3761149	0.8700	0.7200	0.1700	0.0700	0.2400	0.3400	0.2900	0.3000	2.0900	1.4300	4.7500	4.9000	91.5800	92.2500			6.9300
MAD054	MAD054F	MAD054C	MAD054F	MAD054C	1	1	MAD054F_CKDL250010768-1A_22TG33LT4_L2.microbial.fraction.tsv	MAD054C_CKDL250010768-1A_22TG33LT4_L2.microbial.fraction.tsv	MAD054F_clean.fq.gz	MAD054C_clean.fq.gz	MAD054F_CKDL250010768-1A_22TG33LT4_L2_1	MAD054C_CKDL250010768-1A_22TG33LT4_L2_1	15463571976	17140741550	16110823200	15663002400	95.9800	100.0000	3566445	3534195	0.4300	0.4200	0.0700	0.2000	0.2300	0.2700	0.3600	0.1700	0.9600	0.9900	2.6200	3.0400	95.3300	94.9000			-4.0200
MAD055	MAD055F	MAD055C	MAD055F	MAD055C	1	1	MAD055F_CKDL250010768-1A_22TG33LT4_L2.microbial.fraction.tsv	MAD055C_CKDL250010768-1A_22TG33LT4_L2.microbial.fraction.tsv	MAD055F_clean.fq.gz	MAD055C_clean.fq.gz	MAD055F_CKDL250010768-1A_22TG33LT4_L2_1	MAD055C_CKDL250010768-1A_22TG33LT4_L2_1	18827349964	11602663745	19624269900	16355460900	95.9400	70.9400	3352890	3746699	0.3000	0.5200	0.0300	0.0700	0.1800	0.5300	0.1900	0.3100	1.3800	1.8600	2.3700	3.0600	95.5500	93.6700			25.0000
MAD056	MAD056F	MAD056C	MAD056F	MAD056C	1	1	MAD056F_CKDL250010768-1A_22TG33LT4_L2.microbial.fraction.tsv	MAD056C_CKDL250010768-1A_22TG33LT4_L2.microbial.fraction.tsv	MAD056F_clean.fq.gz	MAD056C_clean.fq.gz	MAD056F_CKDL250010768-1A_22TG33LT4_L2_1	MAD056C_CKDL250010768-1A_22TG33LT4_L2_1	15683177715	8930023113	15994460100	9043047600	98.0500	98.7500	3501288	3768054	0.8400	0.7000	0.1400	0.2000	0.3800	0.4300	0.5000	0.6100	1.8100	2.7300	6.3200	3.1600	90.0000	92.1700			-0.7000
MAD057	MAD057F	MAD057C	MAD057F	MAD057C	1	1	MAD057F_CKDL250010768-1A_22TG33LT4_L2.microbial.fraction.tsv	MAD057C_CKDL250010768-1A_22TG33LT4_L2.microbial.fraction.tsv	MAD057F_clean.fq.gz	MAD057C_clean.fq.gz	MAD057F_CKDL250010768-1A_22TG33LT4_L2_1	MAD057C_CKDL250010768-1A_22TG33LT4_L2_1	15933346448	14437642705	17368762200	14441148900	91.7400	99.9800	3668286	3952162	0.0800	0.5700	0.1600	0.1000	0.4400	0.4200	0.2600	0.2200	1.2400	1.1100	2.2000	3.3300	95.6300	94.2500			-8.2400
MAD058	MAD058F	MAD058C	MAD058F	MAD058C	1	1	MAD058F_CKDL250010768-1A_22TG33LT4_L2.microbial.fraction.tsv	MAD058C_CKDL250010768-1A_22TG33LT4_L2.microbial.fraction.tsv	MAD058F_clean.fq.gz	MAD058C_clean.fq.gz	MAD058F_CKDL250010768-1A_22TG33LT4_L2_1	MAD058C_CKDL250010768-1A_22TG33LT4_L2_1	9480069632	14377696460	9567966000	13936394700	99.0800	100.0000	3799947	3689058	0.6200	0.4200	0.0500	0.0600	0.3200	0.2300	0.4000	0.1900	1.5900	0.9100	4.7600	2.9200	92.2600	95.2700			-0.9200
MAD059	MAD059F	MAD059C	MAD059F	MAD059C	1	1	MAD059F_CKDL250010768-1A_22TG33LT4_L2.microbial.fraction.tsv	MAD059C.microbial.fraction.tsv	MAD059F_clean.fq.gz	MAD059C_clean.fq.gz	MAD059F_CKDL250010768-1A_22TG33LT4_L2_1	MAD059C_1	12645832586	9816207024	13617072600	9774504051	92.8700	100.0000	3523164	3635794	0.0000	0.7900	0.0500	0.0100	0.2200	0.1600	0.2400	0.1500	0.9200	0.9400	1.2300	1.2500	97.3500	96.7100			-7.1300
MAD060	MAD060F	MAD060C	MAD060F	MAD060C	1	1	MAD060F_CKDL250010768-1A_22TG33LT4_L2.microbial.fraction.tsv	MAD060C_CKDL250010768-1A_22TG33LT4_L2.microbial.fraction.tsv	MAD060F_clean.fq.gz	MAD060C_clean.fq.gz	MAD060F_CKDL250010768-1A_22TG33LT4_L2_1	MAD060C_CKDL250010768-1A_22TG33LT4_L2_1	11251405135	13402127652	11376403500	13372120800	98.9000	100.0000	3314569	3505703	0.4900	0.9100	0.1600	0.2200	0.2100	0.2500	0.5800	0.5400	1.4200	1.0200	4.5900	3.8200	92.5500	93.2400			-1.1000
